{"2,2": {"acc": 1.0, "c": 6269, "t": 6269}, "1,2": {"acc": 1.0, "c": 12433, "t": 12433}, "2,1": {"acc": 1.0, "c": 12697, "t": 12697}, "1,1": {"acc": 1.0, "c": 24802, "t": 24802}, "5,4": {"acc": 1.0, "c": 185, "t": 185}, "1,4": {"acc": 1.0, "c": 3129, "t": 3129}, "1,3": {"acc": 1.0, "c": 6313, "t": 6313}, "3,3": {"acc": 1.0, "c": 1593, "t": 1593}, "3,1": {"acc": 1.0, "c": 6373, "t": 6373}, "2,3": {"acc": 1.0, "c": 3082, "t": 3082}, "5,1": {"acc": 0.9930379746835443, "c": 1569, "t": 1580}, "3,5": {"acc": 1.0, "c": 412, "t": 412}, "2,4": {"acc": 1.0, "c": 1563, "t": 1563}, "2,6": {"acc": 1.0, "c": 380, "t": 380}, "5,2": {"acc": 0.9986910994764397, "c": 763, "t": 764}, "5,3": {"acc": 1.0, "c": 385, "t": 385}, "3,2": {"acc": 1.0, "c": 3123, "t": 3123}, "6,1": {"acc": 0.9646017699115044, "c": 763, "t": 791}, "4,1": {"acc": 0.999675535366645, "c": 3081, "t": 3082}, "7,4": {"acc": 0.0, "c": 0, "t": 44}, "1,7": {"acc": 1.0, "c": 366, "t": 366}, "4,2": {"acc": 0.9993412384716732, "c": 1517, "t": 1518}, "4,3": {"acc": 1.0, "c": 716, "t": 716}, "2,8": {"acc": 1.0, "c": 115, "t": 115}, "2,5": {"acc": 1.0, "c": 804, "t": 804}, "3,8": {"acc": 1.0, "c": 54, "t": 54}, "5,5": {"acc": 1.0, "c": 98, "t": 98}, "4,4": {"acc": 1.0, "c": 373, "t": 373}, "1,6": {"acc": 1.0, "c": 781, "t": 781}, "1,5": {"acc": 1.0, "c": 1601, "t": 1601}, "9,2": {"acc": 0.0, "c": 0, "t": 52}, "3,4": {"acc": 1.0, "c": 732, "t": 732}, "2,10": {"acc": 1.0, "c": 30, "t": 30}, "7,1": {"acc": 0.7862407862407862, "c": 320, "t": 407}, "4,7": {"acc": 1.0, "c": 54, "t": 54}, "2,9": {"acc": 1.0, "c": 41, "t": 41}, "7,3": {"acc": 0.11009174311926606, "c": 12, "t": 109}, "1,8": {"acc": 1.0, "c": 198, "t": 198}, "3,7": {"acc": 1.0, "c": 98, "t": 98}, "2,7": {"acc": 1.0, "c": 210, "t": 210}, "6,3": {"acc": 0.9803921568627451, "c": 200, "t": 204}, "9,1": {"acc": 0.0, "c": 0, "t": 92}, "3,6": {"acc": 1.0, "c": 183, "t": 183}, "4,5": {"acc": 0.9951219512195122, "c": 204, "t": 205}, "11,2": {"acc": 0.0, "c": 0, "t": 14}, "6,5": {"acc": 0.1111111111111111, "c": 5, "t": 45}, "7,5": {"acc": 0.0, "c": 0, "t": 33}, "6,2": {"acc": 0.9952380952380953, "c": 418, "t": 420}, "8,1": {"acc": 0.0, "c": 0, "t": 158}, "3,9": {"acc": 1.0, "c": 33, "t": 33}, "8,3": {"acc": 0.0, "c": 0, "t": 40}, "6,7": {"acc": 1.0, "c": 13, "t": 13}, "7,2": {"acc": 0.6458333333333334, "c": 124, "t": 192}, "4,6": {"acc": 0.989247311827957, "c": 92, "t": 93}, "5,7": {"acc": 1.0, "c": 24, "t": 24}, "8,2": {"acc": 0.0, "c": 0, "t": 87}, "1,9": {"acc": 1.0, "c": 101, "t": 101}, "5,6": {"acc": 1.0, "c": 59, "t": 59}, "3,11": {"acc": 1.0, "c": 4, "t": 4}, "8,4": {"acc": 0.0, "c": 0, "t": 25}, "4,11": {"acc": 1.0, "c": 4, "t": 4}, "10,2": {"acc": 0.0, "c": 0, "t": 29}, "8,9": {"acc": 0.0, "c": 0, "t": 1}, "4,9": {"acc": 1.0, "c": 11, "t": 11}, "12,1": {"acc": 0.0, "c": 0, "t": 15}, "6,6": {"acc": 1.0, "c": 32, "t": 32}, "6,4": {"acc": 0.9807692307692307, "c": 102, "t": 104}, "4,8": {"acc": 1.0, "c": 31, "t": 31}, "12,2": {"acc": 0.0, "c": 0, "t": 4}, "1,10": {"acc": 1.0, "c": 47, "t": 47}, "5,8": {"acc": 1.0, "c": 11, "t": 11}, "10,1": {"acc": 0.0, "c": 0, "t": 34}, "1,12": {"acc": 1.0, "c": 12, "t": 12}, "14,1": {"acc": 0.0, "c": 0, "t": 8}, "9,4": {"acc": 0.0, "c": 0, "t": 16}, "1,14": {"acc": 1.0, "c": 1, "t": 1}, "2,11": {"acc": 1.0, "c": 15, "t": 15}, "5,14": {"acc": 1.0, "c": 1, "t": 1}, "1,11": {"acc": 1.0, "c": 31, "t": 31}, "7,6": {"acc": 1.0, "c": 15, "t": 15}, "9,3": {"acc": 0.0, "c": 0, "t": 28}, "11,1": {"acc": 0.0, "c": 0, "t": 28}, "11,3": {"acc": 0.0, "c": 0, "t": 8}, "3,10": {"acc": 0.875, "c": 7, "t": 8}, "7,8": {"acc": 0.0, "c": 0, "t": 3}, "2,13": {"acc": 1.0, "c": 1, "t": 1}, "1,13": {"acc": 1.0, "c": 7, "t": 7}, "8,6": {"acc": 0.0, "c": 0, "t": 7}, "5,9": {"acc": 1.0, "c": 5, "t": 5}, "10,3": {"acc": 0.0, "c": 0, "t": 13}, "6,9": {"acc": 1.0, "c": 1, "t": 1}, "8,7": {"acc": 0.0, "c": 0, "t": 4}, "7,15": {"acc": 0.0, "c": 0, "t": 1}, "6,8": {"acc": 0.8571428571428571, "c": 6, "t": 7}, "10,4": {"acc": 0.0, "c": 0, "t": 5}, "4,15": {"acc": 1.0, "c": 1, "t": 1}, "2,14": {"acc": 1.0, "c": 1, "t": 1}, "13,4": {"acc": 0.0, "c": 0, "t": 3}, "5,13": {"acc": 1.0, "c": 1, "t": 1}, "13,1": {"acc": 0.0, "c": 0, "t": 3}, "7,7": {"acc": 0.5, "c": 3, "t": 6}, "2,12": {"acc": 1.0, "c": 5, "t": 5}, "6,15": {"acc": 0.0, "c": 0, "t": 1}, "4,10": {"acc": 1.0, "c": 6, "t": 6}, "9,5": {"acc": 0.0, "c": 0, "t": 4}, "11,4": {"acc": 0.0, "c": 0, "t": 2}, "8,5": {"acc": 0.0, "c": 0, "t": 5}, "5,11": {"acc": 1.0, "c": 1, "t": 1}, "9,6": {"acc": 0.0, "c": 0, "t": 2}, "11,5": {"acc": 0.0, "c": 0, "t": 2}, "5,10": {"acc": 1.0, "c": 3, "t": 3}, "3,12": {"acc": 1.0, "c": 2, "t": 2}, "12,4": {"acc": 0.0, "c": 0, "t": 1}, "12,5": {"acc": 0.0, "c": 0, "t": 1}, "14,3": {"acc": 0.0, "c": 0, "t": 2}, "12,3": {"acc": 0.0, "c": 0, "t": 2}, "3,19": {"acc": 1.0, "c": 1, "t": 1}, "7,10": {"acc": 0.0, "c": 0, "t": 1}, "9,7": {"acc": 0.0, "c": 0, "t": 2}, "6,10": {"acc": 0.0, "c": 0, "t": 1}, "17,1": {"acc": 0.0, "c": 0, "t": 1}, "1,17": {"acc": 1.0, "c": 1, "t": 1}, "13,3": {"acc": 0.0, "c": 0, "t": 1}, "13,2": {"acc": 0.0, "c": 0, "t": 3}, "14,2": {"acc": 0.0, "c": 0, "t": 1}, "3,14": {"acc": 1.0, "c": 1, "t": 1}, "15,2": {"acc": 0.0, "c": 0, "t": 1}, "8,12": {"acc": 0.0, "c": 0, "t": 1}, "10,6": {"acc": 0.0, "c": 0, "t": 1}}