{"2,2": {"acc": 1.0, "c": 6269, "t": 6269}, "1,2": {"acc": 1.0, "c": 12433, "t": 12433}, "2,1": {"acc": 1.0, "c": 12697, "t": 12697}, "1,1": {"acc": 1.0, "c": 24802, "t": 24802}, "5,4": {"acc": 1.0, "c": 185, "t": 185}, "1,4": {"acc": 1.0, "c": 3129, "t": 3129}, "1,3": {"acc": 1.0, "c": 6313, "t": 6313}, "3,3": {"acc": 1.0, "c": 1593, "t": 1593}, "3,1": {"acc": 1.0, "c": 6373, "t": 6373}, "2,3": {"acc": 1.0, "c": 3082, "t": 3082}, "5,1": {"acc": 0.9987341772151899, "c": 1578, "t": 1580}, "3,5": {"acc": 1.0, "c": 412, "t": 412}, "2,4": {"acc": 1.0, "c": 1563, "t": 1563}, "2,6": {"acc": 1.0, "c": 380, "t": 380}, "5,2": {"acc": 1.0, "c": 764, "t": 764}, "5,3": {"acc": 0.9974025974025974, "c": 384, "t": 385}, "3,2": {"acc": 1.0, "c": 3123, "t": 3123}, "6,1": {"acc": 0.9924146649810367, "c": 785, "t": 791}, "4,1": {"acc": 1.0, "c": 3082, "t": 3082}, "7,4": {"acc": 0.0, "c": 0, "t": 44}, "1,7": {"acc": 1.0, "c": 366, "t": 366}, "4,2": {"acc": 1.0, "c": 1518, "t": 1518}, "4,3": {"acc": 1.0, "c": 716, "t": 716}, "2,8": {"acc": 1.0, "c": 115, "t": 115}, "2,5": {"acc": 1.0, "c": 804, "t": 804}, "3,8": {"acc": 1.0, "c": 54, "t": 54}, "5,5": {"acc": 0.9897959183673469, "c": 97, "t": 98}, "4,4": {"acc": 0.9973190348525469, "c": 372, "t": 373}, "1,6": {"acc": 1.0, "c": 781, "t": 781}, "1,5": {"acc": 1.0, "c": 1601, "t": 1601}, "9,2": {"acc": 0.0, "c": 0, "t": 52}, "3,4": {"acc": 1.0, "c": 732, "t": 732}, "2,10": {"acc": 0.9666666666666667, "c": 29, "t": 30}, "7,1": {"acc": 0.9459459459459459, "c": 385, "t": 407}, "4,7": {"acc": 1.0, "c": 54, "t": 54}, "2,9": {"acc": 1.0, "c": 41, "t": 41}, "7,3": {"acc": 0.009174311926605505, "c": 1, "t": 109}, "1,8": {"acc": 1.0, "c": 198, "t": 198}, "3,7": {"acc": 1.0, "c": 98, "t": 98}, "2,7": {"acc": 0.9952380952380953, "c": 209, "t": 210}, "6,3": {"acc": 0.9558823529411765, "c": 195, "t": 204}, "9,1": {"acc": 0.0, "c": 0, "t": 92}, "3,6": {"acc": 1.0, "c": 183, "t": 183}, "4,5": {"acc": 1.0, "c": 205, "t": 205}, "11,2": {"acc": 0.0, "c": 0, "t": 14}, "6,5": {"acc": 0.9333333333333333, "c": 42, "t": 45}, "7,5": {"acc": 0.0, "c": 0, "t": 33}, "6,2": {"acc": 0.9952380952380953, "c": 418, "t": 420}, "8,1": {"acc": 0.0, "c": 0, "t": 158}, "3,9": {"acc": 1.0, "c": 33, "t": 33}, "8,3": {"acc": 0.0, "c": 0, "t": 40}, "6,7": {"acc": 0.0, "c": 0, "t": 13}, "7,2": {"acc": 0.9166666666666666, "c": 176, "t": 192}, "4,6": {"acc": 1.0, "c": 93, "t": 93}, "5,7": {"acc": 0.5833333333333334, "c": 14, "t": 24}, "8,2": {"acc": 0.0, "c": 0, "t": 87}, "1,9": {"acc": 1.0, "c": 101, "t": 101}, "5,6": {"acc": 0.9661016949152542, "c": 57, "t": 59}, "3,11": {"acc": 0.25, "c": 1, "t": 4}, "8,4": {"acc": 0.0, "c": 0, "t": 25}, "4,11": {"acc": 0.0, "c": 0, "t": 4}, "10,2": {"acc": 0.0, "c": 0, "t": 29}, "8,9": {"acc": 0.0, "c": 0, "t": 1}, "4,9": {"acc": 0.2727272727272727, "c": 3, "t": 11}, "12,1": {"acc": 0.0, "c": 0, "t": 15}, "6,6": {"acc": 0.4375, "c": 14, "t": 32}, "6,4": {"acc": 0.8942307692307693, "c": 93, "t": 104}, "4,8": {"acc": 0.967741935483871, "c": 30, "t": 31}, "12,2": {"acc": 0.0, "c": 0, "t": 4}, "1,10": {"acc": 0.9787234042553191, "c": 46, "t": 47}, "5,8": {"acc": 0.0, "c": 0, "t": 11}, "10,1": {"acc": 0.0, "c": 0, "t": 34}, "1,12": {"acc": 0.75, "c": 9, "t": 12}, "14,1": {"acc": 0.0, "c": 0, "t": 8}, "9,4": {"acc": 0.0, "c": 0, "t": 16}, "1,14": {"acc": 1.0, "c": 1, "t": 1}, "2,11": {"acc": 0.9333333333333333, "c": 14, "t": 15}, "5,14": {"acc": 0.0, "c": 0, "t": 1}, "1,11": {"acc": 0.967741935483871, "c": 30, "t": 31}, "7,6": {"acc": 0.0, "c": 0, "t": 15}, "9,3": {"acc": 0.0, "c": 0, "t": 28}, "11,1": {"acc": 0.0, "c": 0, "t": 28}, "11,3": {"acc": 0.0, "c": 0, "t": 8}, "3,10": {"acc": 1.0, "c": 8, "t": 8}, "7,8": {"acc": 0.0, "c": 0, "t": 3}, "2,13": {"acc": 0.0, "c": 0, "t": 1}, "1,13": {"acc": 0.2857142857142857, "c": 2, "t": 7}, "8,6": {"acc": 0.0, "c": 0, "t": 7}, "5,9": {"acc": 0.0, "c": 0, "t": 5}, "10,3": {"acc": 0.0, "c": 0, "t": 13}, "6,9": {"acc": 0.0, "c": 0, "t": 1}, "8,7": {"acc": 0.0, "c": 0, "t": 4}, "7,15": {"acc": 0.0, "c": 0, "t": 1}, "6,8": {"acc": 0.0, "c": 0, "t": 7}, "10,4": {"acc": 0.0, "c": 0, "t": 5}, "4,15": {"acc": 0.0, "c": 0, "t": 1}, "2,14": {"acc": 0.0, "c": 0, "t": 1}, "13,4": {"acc": 0.0, "c": 0, "t": 3}, "5,13": {"acc": 0.0, "c": 0, "t": 1}, "13,1": {"acc": 0.0, "c": 0, "t": 3}, "7,7": {"acc": 0.0, "c": 0, "t": 6}, "2,12": {"acc": 0.0, "c": 0, "t": 5}, "6,15": {"acc": 0.0, "c": 0, "t": 1}, "4,10": {"acc": 0.0, "c": 0, "t": 6}, "9,5": {"acc": 0.0, "c": 0, "t": 4}, "11,4": {"acc": 0.0, "c": 0, "t": 2}, "8,5": {"acc": 0.0, "c": 0, "t": 5}, "5,11": {"acc": 0.0, "c": 0, "t": 1}, "9,6": {"acc": 0.0, "c": 0, "t": 2}, "11,5": {"acc": 0.0, "c": 0, "t": 2}, "5,10": {"acc": 0.0, "c": 0, "t": 3}, "3,12": {"acc": 0.0, "c": 0, "t": 2}, "12,4": {"acc": 0.0, "c": 0, "t": 1}, "12,5": {"acc": 0.0, "c": 0, "t": 1}, "14,3": {"acc": 0.0, "c": 0, "t": 2}, "12,3": {"acc": 0.0, "c": 0, "t": 2}, "3,19": {"acc": 0.0, "c": 0, "t": 1}, "7,10": {"acc": 0.0, "c": 0, "t": 1}, "9,7": {"acc": 0.0, "c": 0, "t": 2}, "6,10": {"acc": 0.0, "c": 0, "t": 1}, "17,1": {"acc": 0.0, "c": 0, "t": 1}, "1,17": {"acc": 0.0, "c": 0, "t": 1}, "13,3": {"acc": 0.0, "c": 0, "t": 1}, "13,2": {"acc": 0.0, "c": 0, "t": 3}, "14,2": {"acc": 0.0, "c": 0, "t": 1}, "3,14": {"acc": 0.0, "c": 0, "t": 1}, "15,2": {"acc": 0.0, "c": 0, "t": 1}, "8,12": {"acc": 0.0, "c": 0, "t": 1}, "10,6": {"acc": 0.0, "c": 0, "t": 1}}